{"min": [-0.411777, -0.849144, -0.295128], "max": [0.421932, 0.877707, 0.338068]}