{"min": [-0.399979, -0.945842, -0.055222], "max": [0.390473, 0.950229, 0.085007]}