{"min": [-0.801503, -0.640935, -0.057121], "max": [0.772657, 0.669039, 0.068264]}