{"min": [-0.763669, -0.589915, -0.615345], "max": [0.747053, 0.342988, 0.585485]}